Model,R² (avg),R² (std),RMSE (avg),MAE (avg),SMAPE (avg)
1. Transformer CNN GNN MLP,-1.111437118700261,2.0673873757374164,74.49423308404658,58.49520319620768,30.45933593164482
2. GNN MLP AE,-2.4308064306447603,4.435198803304072,76.51312567130125,64.26108334350586,34.74467432173283
3. CNN GNN MLP PG,-7.014683550442342,14.114263030164835,74.26413749938435,63.43742343139648,34.0493388625613
4. GNN MLP,-0.7192292395187277,0.943793919072593,79.8628559265736,67.07170335896811,36.23800364054422
5. Stacked CNN GNN MLP,-1.4289033513067633,2.0660411917403976,78.81787941194898,67.48041811625163,34.82937769377615
