Model,R²,RMSE,MAE,SMAPE
Transformer CNN GNN MLP (Optimized),-2.3287869508601737,87.35163200454812,75.5188171005249,65.37484722883549
