Model,R²,RMSE,MAE,SMAPE,Samples,Features
"Transformer CNN GNN MLP (Full Dataset, 64 Embeddings)",0.2568268930606442,76.81695985706966,68.01861128863166,44.529738584856084,17,79
