Model,R²,RMSE,MAE,SMAPE
Transformer CNN GNN MLP (Hybrid Concatenation),-0.2904629851295355,54.387713262373595,43.95986724853515,28.58957593323181
