Model,R²,RMSE,MAE,SMAPE
Transformer CNN GNN MLP (Lightweight),-0.005768739268313006,48.01501730585997,25.97552375793457,14.65870028735421
